imdbRank,Title,Year,Rated,Runtime_mins,Genre,Director,Writer,Top_Billed,Language,Country,Awards,Metascore,imdbRating,imdbVotes,imdbID,BoxOffice
1,The Shawshank Redemption,1994,R,142,Drama,Frank Darabont,"Stephen King, Frank Darabont","Tim Robbins, Morgan Freeman, Bob Gunton",English,United States,Nominated for 7 Oscars. 21 wins & 43 nominations total,81.0,9.3,2662343,tt0111161,28767189.0
2,The Godfather,1972,R,175,Crime,Francis Ford Coppola,"Mario Puzo, Francis Ford Coppola","Marlon Brando, Al Pacino, James Caan",English,United States,Won 3 Oscars. 32 wins & 30 nominations total,100.0,9.2,1847150,tt0068646,136381073.0
3,The Dark Knight,2008,PG-13,152,Action,Christopher Nolan,"Jonathan Nolan, Christopher Nolan, David S. Goyer","Christian Bale, Heath Ledger, Aaron Eckhart",English,United States,Won 2 Oscars. 160 wins & 163 nominations total,84.0,9.0,2638780,tt0468569,534987076.0
4,The Godfather Part II,1974,R,202,Crime,Francis Ford Coppola,"Francis Ford Coppola, Mario Puzo","Al Pacino, Robert De Niro, Robert Duvall",English,United States,Won 6 Oscars. 17 wins & 21 nominations total,90.0,9.0,1265087,tt0071562,47834595.0
5,12 Angry Men,1957,Approved,96,Crime,Sidney Lumet,Reginald Rose,"Henry Fonda, Lee J. Cobb, Martin Balsam",English,United States,Nominated for 3 Oscars. 17 wins & 13 nominations total,96.0,9.0,786180,tt0050083,
6,Schindler's List,1993,R,195,Biography,Steven Spielberg,"Thomas Keneally, Steven Zaillian","Liam Neeson, Ralph Fiennes, Ben Kingsley",English,United States,Won 7 Oscars. 91 wins & 49 nominations total,94.0,9.0,1349692,tt0108052,96898818.0
7,The Lord of the Rings: The Return of the King,2003,PG-13,201,Action,Peter Jackson,"J.R.R. Tolkien, Fran Walsh, Philippa Boyens","Elijah Wood, Viggo Mortensen, Ian McKellen",English,New Zealand,Won 11 Oscars. 209 wins & 124 nominations total,94.0,9.0,1837587,tt0167260,378251207.0
8,Pulp Fiction,1994,R,154,Crime,Quentin Tarantino,"Quentin Tarantino, Roger Avary","John Travolta, Uma Thurman, Samuel L. Jackson",English,United States,Won 1 Oscar. 70 wins & 75 nominations total,94.0,8.9,2040285,tt0110912,107928762.0
9,The Lord of the Rings: The Fellowship of the Ring,2001,PG-13,178,Action,Peter Jackson,"J.R.R. Tolkien, Fran Walsh, Philippa Boyens","Elijah Wood, Ian McKellen, Orlando Bloom",English,New Zealand,Won 4 Oscars. 121 wins & 126 nominations total,92.0,8.8,1866719,tt0120737,316115420.0
10,"The Good, the Bad and the Ugly",1966,R,178,Adventure,Sergio Leone,"Luciano Vincenzoni, Sergio Leone, Agenore Incrocci","Clint Eastwood, Eli Wallach, Lee Van Cleef",Italian,Italy,3 wins & 6 nominations,90.0,8.8,759634,tt0060196,25100000.0
11,Forrest Gump,1994,PG-13,142,Drama,Robert Zemeckis,"Winston Groom, Eric Roth","Tom Hanks, Robin Wright, Gary Sinise",English,United States,Won 6 Oscars. 51 wins & 75 nominations total,82.0,8.8,2066658,tt0109830,330455270.0
12,Fight Club,1999,R,139,Drama,David Fincher,"Chuck Palahniuk, Jim Uhls","Brad Pitt, Edward Norton, Meat Loaf",English,Germany,Nominated for 1 Oscar. 11 wins & 38 nominations total,66.0,8.8,2107648,tt0137523,37030102.0
13,The Lord of the Rings: The Two Towers,2002,PG-13,179,Action,Peter Jackson,"J.R.R. Tolkien, Fran Walsh, Philippa Boyens","Elijah Wood, Ian McKellen, Viggo Mortensen",English,New Zealand,Won 2 Oscars. 126 wins & 138 nominations total,87.0,8.8,1659591,tt0167261,342952511.0
14,Inception,2010,PG-13,148,Action,Christopher Nolan,Christopher Nolan,"Leonardo DiCaprio, Joseph Gordon-Levitt, Elliot Page",English,United States,Won 4 Oscars. 158 wins & 220 nominations total,74.0,8.8,2338153,tt1375666,292587330.0
15,Star Wars: Episode V - The Empire Strikes Back,1980,PG,124,Action,Irvin Kershner,"Leigh Brackett, Lawrence Kasdan, George Lucas","Mark Hamill, Harrison Ford, Carrie Fisher",English,United States,Won 1 Oscar. 26 wins & 20 nominations total,82.0,8.7,1287175,tt0080684,292753960.0
16,The Matrix,1999,R,136,Action,"Lana Wachowski, Lilly Wachowski","Lilly Wachowski, Lana Wachowski","Keanu Reeves, Laurence Fishburne, Carrie-Anne Moss",English,United States,Won 4 Oscars. 42 wins & 51 nominations total,73.0,8.7,1902439,tt0133093,172076928.0
17,Goodfellas,1990,R,145,Biography,Martin Scorsese,"Nicholas Pileggi, Martin Scorsese","Robert De Niro, Ray Liotta, Joe Pesci",English,United States,Won 1 Oscar. 44 wins & 38 nominations total,90.0,8.7,1155302,tt0099685,46909721.0
18,One Flew Over the Cuckoo's Nest,1975,R,133,Drama,Milos Forman,"Lawrence Hauben, Bo Goldman, Ken Kesey","Jack Nicholson, Louise Fletcher, Michael Berryman",English,United States,Won 5 Oscars. 39 wins & 16 nominations total,84.0,8.7,1004277,tt0073486,108981275.0
19,Se7en,1995,R,127,Crime,David Fincher,Andrew Kevin Walker,"Morgan Freeman, Brad Pitt, Kevin Spacey",English,United States,Nominated for 1 Oscar. 29 wins & 43 nominations total,65.0,8.6,1640901,tt0114369,100125643.0
20,Seven Samurai,1954,Not Rated,207,Action,Akira Kurosawa,"Akira Kurosawa, Shinobu Hashimoto, Hideo Oguni","Toshirô Mifune, Takashi Shimura, Keiko Tsushima",Japanese,Japan,Nominated for 2 Oscars. 5 wins & 8 nominations total,98.0,8.6,345850,tt0047478,318649.0
21,It's a Wonderful Life,1946,PG,130,Drama,Frank Capra,"Frances Goodrich, Albert Hackett, Frank Capra","James Stewart, Donna Reed, Lionel Barrymore",English,United States,Nominated for 5 Oscars. 6 wins & 6 nominations total,89.0,8.6,454943,tt0038650,44000.0
22,The Silence of the Lambs,1991,R,118,Crime,Jonathan Demme,"Thomas Harris, Ted Tally","Jodie Foster, Anthony Hopkins, Lawrence A. Bonney",English,United States,Won 5 Oscars. 69 wins & 51 nominations total,85.0,8.6,1426455,tt0102926,130742922.0
23,City of God,2002,R,130,Crime,"Fernando Meirelles, Kátia Lund","Paulo Lins, Bráulio Mantovani","Alexandre Rodrigues, Leandro Firmino, Matheus Nachtergaele",Portuguese,Brazil,Nominated for 4 Oscars. 74 wins & 50 nominations total,79.0,8.6,755381,tt0317248,7564459.0
24,Saving Private Ryan,1998,R,169,Drama,Steven Spielberg,Robert Rodat,"Tom Hanks, Matt Damon, Tom Sizemore",English,United States,Won 5 Oscars. 79 wins & 75 nominations total,91.0,8.6,1385405,tt0120815,217049603.0
25,Life Is Beautiful,1997,PG-13,116,Comedy,Roberto Benigni,"Vincenzo Cerami, Roberto Benigni","Roberto Benigni, Nicoletta Braschi, Giorgio Cantarini",Italian,Italy,Won 3 Oscars. 72 wins & 52 nominations total,59.0,8.6,692359,tt0118799,57563264.0
26,Interstellar,2014,PG-13,169,Adventure,Christopher Nolan,"Jonathan Nolan, Christopher Nolan","Matthew McConaughey, Anne Hathaway, Jessica Chastain",English,United States,Won 1 Oscar. 44 wins & 148 nominations total,74.0,8.6,1812488,tt0816692,188020017.0
27,The Green Mile,1999,R,189,Crime,Frank Darabont,"Stephen King, Frank Darabont","Tom Hanks, Michael Clarke Duncan, David Morse",English,United States,Nominated for 4 Oscars. 15 wins & 37 nominations total,61.0,8.6,1295449,tt0120689,136801374.0
28,Star Wars: Episode IV - A New Hope,1977,PG,121,Action,George Lucas,George Lucas,"Mark Hamill, Harrison Ford, Carrie Fisher",English,United States,Won 6 Oscars. 64 wins & 29 nominations total,90.0,8.6,1359272,tt0076759,460998507.0
29,Terminator 2: Judgment Day,1991,R,137,Action,James Cameron,"James Cameron, William Wisher","Arnold Schwarzenegger, Linda Hamilton, Edward Furlong",English,United States,Won 4 Oscars. 37 wins & 33 nominations total,75.0,8.6,1095182,tt0103064,205881154.0
30,Back to the Future,1985,PG,116,Adventure,Robert Zemeckis,"Robert Zemeckis, Bob Gale","Michael J. Fox, Christopher Lloyd, Lea Thompson",English,United States,Won 1 Oscar. 23 wins & 25 nominations total,87.0,8.5,1199152,tt0088763,212836762.0
31,Spirited Away,2001,PG,125,Animation,Hayao Miyazaki,Hayao Miyazaki,"Daveigh Chase, Suzanne Pleshette, Miyu Irino",Japanese,Japan,Won 1 Oscar. 58 wins & 31 nominations total,96.0,8.6,759839,tt0245429,13750644.0
32,Psycho,1960,R,109,Horror,Alfred Hitchcock,"Joseph Stefano, Robert Bloch","Anthony Perkins, Janet Leigh, Vera Miles",English,United States,Nominated for 4 Oscars. 7 wins & 14 nominations total,97.0,8.5,670743,tt0054215,32000000.0
33,The Pianist,2002,R,150,Biography,Roman Polanski,"Ronald Harwood, Wladyslaw Szpilman","Adrien Brody, Thomas Kretschmann, Frank Finlay",English,France,Won 3 Oscars. 57 wins & 74 nominations total,85.0,8.5,827948,tt0253474,32572577.0
34,Parasite,2019,R,132,Drama,Bong Joon Ho,"Bong Joon Ho, Han Jin-won","Song Kang-ho, Lee Sun-kyun, Cho Yeo-jeong",Korean,South Korea,Won 4 Oscars. 308 wins & 271 nominations total,96.0,8.5,792997,tt6751668,53369749.0
35,Léon: The Professional,1994,R,110,Action,Luc Besson,Luc Besson,"Jean Reno, Gary Oldman, Natalie Portman",English,France,6 wins & 15 nominations,64.0,8.5,1156875,tt0110413,19501238.0
36,The Lion King,1994,G,88,Animation,"Roger Allers, Rob Minkoff","Irene Mecchi, Jonathan Roberts, Linda Woolverton","Matthew Broderick, Jeremy Irons, James Earl Jones",English,United States,Won 2 Oscars. 41 wins & 35 nominations total,88.0,8.5,1052735,tt0110357,422783777.0
37,Gladiator,2000,R,155,Action,Ridley Scott,"David Franzoni, John Logan, William Nicholson","Russell Crowe, Joaquin Phoenix, Connie Nielsen",English,United States,Won 5 Oscars. 60 wins & 106 nominations total,67.0,8.5,1493754,tt0172495,187705427.0
38,American History X,1998,R,119,Crime,Tony Kaye,David McKenna,"Edward Norton, Edward Furlong, Beverly D'Angelo",English,United States,Nominated for 1 Oscar. 4 wins & 15 nominations total,62.0,8.5,1118467,tt0120586,6719864.0
39,The Departed,2006,R,151,Crime,Martin Scorsese,"William Monahan, Alan Mak, Felix Chong","Leonardo DiCaprio, Matt Damon, Jack Nicholson",English,United States,Won 4 Oscars. 97 wins & 141 nominations total,85.0,8.5,1318356,tt0407887,132399394.0
40,The Usual Suspects,1995,R,106,Crime,Bryan Singer,Christopher McQuarrie,"Kevin Spacey, Gabriel Byrne, Chazz Palminteri",English,United States,Won 2 Oscars. 37 wins & 17 nominations total,77.0,8.5,1082635,tt0114814,23341568.0
41,The Prestige,2006,PG-13,130,Drama,Christopher Nolan,"Jonathan Nolan, Christopher Nolan, Christopher Priest","Christian Bale, Hugh Jackman, Scarlett Johansson",English,United Kingdom,Nominated for 2 Oscars. 6 wins & 45 nominations total,66.0,8.5,1326186,tt0482571,53089891.0
42,Whiplash,2014,R,106,Drama,Damien Chazelle,Damien Chazelle,"Miles Teller, J.K. Simmons, Melissa Benoist",English,United States,Won 3 Oscars. 98 wins & 146 nominations total,89.0,8.5,854378,tt2582802,13092000.0
43,Casablanca,1942,PG,102,Drama,Michael Curtiz,"Julius J. Epstein, Philip G. Epstein, Howard Koch","Humphrey Bogart, Ingrid Bergman, Paul Henreid",English,United States,Won 3 Oscars. 13 wins & 9 nominations total,100.0,8.5,570558,tt0034583,4219709.0
44,Harakiri,1962,Not Rated,133,Action,Masaki Kobayashi,"Yasuhiko Takiguchi, Shinobu Hashimoto","Tatsuya Nakadai, Akira Ishihama, Shima Iwashita",Japanese,Japan,9 wins & 3 nominations,85.0,8.6,57443,tt0056058,
45,Grave of the Fireflies,1988,Not Rated,89,Animation,Isao Takahata,"Akiyuki Nosaka, Isao Takahata","Tsutomu Tatsumi, Ayano Shiraishi, Akemi Yamaguchi",Japanese,Japan,3 wins,94.0,8.5,276663,tt0095327,516962.0
46,The Intouchables,2011,R,112,Biography,"Olivier Nakache, Éric Toledano","Olivier Nakache, Philippe Pozzo di Borgo, Éric Toledano","François Cluzet, Omar Sy, Anne Le Ny",French,France,Nominated for 1 BAFTA Award38 wins & 40 nominations total,57.0,8.5,855133,tt1675434,10198820.0
47,Modern Times,1936,G,87,Comedy,Charles Chaplin,Charles Chaplin,"Charles Chaplin, Paulette Goddard, Henry Bergman",English,United States,4 wins & 1 nomination,96.0,8.5,242887,tt0027977,163577.0
48,Once Upon a Time in the West,1968,PG-13,165,Western,Sergio Leone,"Sergio Donati, Sergio Leone, Dario Argento","Henry Fonda, Charles Bronson, Claudia Cardinale",Italian,Italy,5 wins & 5 nominations,80.0,8.5,329463,tt0064116,5321508.0
49,Rear Window,1954,PG,112,Mystery,Alfred Hitchcock,"John Michael Hayes, Cornell Woolrich","James Stewart, Grace Kelly, Wendell Corey",English,United States,Nominated for 4 Oscars. 6 wins & 13 nominations total,100.0,8.5,490940,tt0047396,36764313.0
50,Cinema Paradiso,1988,PG,155,Drama,Giuseppe Tornatore,"Giuseppe Tornatore, Vanna Paoli","Philippe Noiret, Enzo Cannavale, Antonella Attili",Italian,Italy,Won 1 Oscar. 25 wins & 32 nominations total,80.0,8.5,260909,tt0095765,12397210.0
51,Alien,1979,R,117,Horror,Ridley Scott,"Dan O'Bannon, Ronald Shusett","Sigourney Weaver, Tom Skerritt, John Hurt",English,United Kingdom,Won 1 Oscar. 18 wins & 22 nominations total,89.0,8.5,880228,tt0078748,81900459.0
52,City Lights,1931,G,87,Comedy,Charles Chaplin,"Charles Chaplin, Harry Carr, Harry Crocker","Charles Chaplin, Virginia Cherrill, Florence Lee",None,United States,4 wins & 1 nomination,99.0,8.5,184997,tt0021749,19181.0
53,Apocalypse Now,1979,R,147,Drama,Francis Ford Coppola,"John Milius, Francis Ford Coppola, Michael Herr","Martin Sheen, Marlon Brando, Robert Duvall",English,United States,Won 2 Oscars. 21 wins & 33 nominations total,94.0,8.5,666279,tt0078788,96041782.0
54,Memento,2000,R,113,Mystery,Christopher Nolan,"Christopher Nolan, Jonathan Nolan","Guy Pearce, Carrie-Anne Moss, Joe Pantoliano",English,United States,Nominated for 2 Oscars. 57 wins & 60 nominations total,80.0,8.4,1234280,tt0209144,25544867.0
55,Indiana Jones and the Raiders of the Lost Ark,1981,PG,115,Action,Steven Spielberg,"Lawrence Kasdan, George Lucas, Philip Kaufman","Harrison Ford, Karen Allen, Paul Freeman",English,United States,Won 4 Oscars. 38 wins & 24 nominations total,85.0,8.4,963139,tt0082971,248159971.0
56,Django Unchained,2012,R,165,Drama,Quentin Tarantino,Quentin Tarantino,"Jamie Foxx, Christoph Waltz, Leonardo DiCaprio",English,United States,Won 2 Oscars. 58 wins & 158 nominations total,81.0,8.4,1544625,tt1853728,162805434.0
57,WALL·E,2008,G,98,Animation,Andrew Stanton,"Andrew Stanton, Pete Docter, Jim Reardon","Ben Burtt, Elissa Knight, Jeff Garlin",English,United States,Won 1 Oscar. 95 wins & 95 nominations total,95.0,8.4,1112363,tt0910970,223808164.0
58,The Lives of Others,2006,R,137,Drama,Florian Henckel von Donnersmarck,Florian Henckel von Donnersmarck,"Ulrich Mühe, Martina Gedeck, Sebastian Koch",German,Germany,Won 1 Oscar. 80 wins & 38 nominations total,89.0,8.4,390064,tt0405094,11286112.0
59,Sunset Blvd.,1950,Passed,110,Drama,Billy Wilder,"Charles Brackett, Billy Wilder, D.M. Marshman Jr.","William Holden, Gloria Swanson, Erich von Stroheim",English,United States,Won 3 Oscars. 19 wins & 20 nominations total,0.0,8.4,222573,tt0043014,299645.0
60,Paths of Glory,1957,Approved,88,Drama,Stanley Kubrick,"Stanley Kubrick, Calder Willingham, Jim Thompson","Kirk Douglas, Ralph Meeker, Adolphe Menjou",English,United States,Nominated for 1 BAFTA Award7 wins & 4 nominations total,90.0,8.4,197696,tt0050825,
61,The Shining,1980,R,146,Drama,Stanley Kubrick,"Stephen King, Stanley Kubrick, Diane Johnson","Jack Nicholson, Shelley Duvall, Danny Lloyd",English,United Kingdom,4 wins & 8 nominations,66.0,8.4,1017226,tt0081505,45634352.0
62,The Great Dictator,1940,G,125,Comedy,Charles Chaplin,Charles Chaplin,"Charles Chaplin, Paulette Goddard, Jack Oakie",English,United States,Nominated for 5 Oscars. 7 wins & 6 nominations total,0.0,8.4,224374,tt0032553,
63,Avengers: Infinity War,2018,PG-13,149,Action,"Anthony Russo, Joe Russo","Christopher Markus, Stephen McFeely, Stan Lee","Robert Downey Jr., Chris Hemsworth, Mark Ruffalo",English,United States,Nominated for 1 Oscar. 46 wins & 79 nominations total,68.0,8.4,1072648,tt4154756,678815482.0
64,Witness for the Prosecution,1957,Approved,116,Crime,Billy Wilder,"Agatha Christie, Billy Wilder, Harry Kurnitz","Tyrone Power, Marlene Dietrich, Charles Laughton",English,United States,Nominated for 6 Oscars. 4 wins & 16 nominations total,76.0,8.4,126068,tt0051201,
65,Aliens,1986,R,137,Action,James Cameron,"James Cameron, David Giler, Walter Hill","Sigourney Weaver, Michael Biehn, Carrie Henn",English,United Kingdom,Won 2 Oscars. 20 wins & 23 nominations total,84.0,8.4,716518,tt0090605,85160248.0
66,Spider-Man: Into the Spider-Verse,2018,PG,117,Animation,"Bob Persichetti, Peter Ramsey, Rodney Rothman","Phil Lord, Rodney Rothman","Shameik Moore, Jake Johnson, Hailee Steinfeld",English,United States,Won 1 Oscar. 82 wins & 57 nominations total,87.0,8.4,525581,tt4633694,190241310.0
67,American Beauty,1999,R,122,Drama,Sam Mendes,Alan Ball,"Kevin Spacey, Annette Bening, Thora Birch",English,United States,Won 5 Oscars. 112 wins & 102 nominations total,84.0,8.4,1152826,tt0169547,130096601.0
68,Dr. Strangelove or: How I Learned to Stop Worrying and Love the Bomb,1964,PG,95,Comedy,Stanley Kubrick,"Stanley Kubrick, Terry Southern, Peter George","Peter Sellers, George C. Scott, Sterling Hayden",English,United Kingdom,Nominated for 4 Oscars. 14 wins & 11 nominations total,97.0,8.4,491002,tt0057012,9440272.0
69,The Dark Knight Rises,2012,PG-13,164,Action,Christopher Nolan,"Jonathan Nolan, Christopher Nolan, David S. Goyer","Christian Bale, Tom Hardy, Anne Hathaway",English,United States,Nominated for 1 BAFTA Award39 wins & 103 nominations total,78.0,8.4,1696282,tt1345836,448149584.0
70,Oldboy,2003,R,120,Action,Park Chan-wook,"Garon Tsuchiya, Nobuaki Minegishi, Park Chan-wook","Choi Min-sik, Yoo Ji-tae, Kang Hye-jeong",Korean,South Korea,40 wins & 21 nominations,77.0,8.4,578285,tt0364569,707481.0
71,Amadeus,1984,PG,160,Biography,Milos Forman,"Peter Shaffer, Zdenek Mahler","F. Murray Abraham, Tom Hulce, Elizabeth Berridge",English,United States,Won 8 Oscars. 43 wins & 15 nominations total,88.0,8.4,401417,tt0086879,51973029.0
72,Inglourious Basterds,2009,R,153,Adventure,Quentin Tarantino,Quentin Tarantino,"Brad Pitt, Diane Kruger, Eli Roth",English,Germany,Won 1 Oscar. 134 wins & 172 nominations total,69.0,8.3,1441001,tt0361748,120540719.0
73,Joker,2019,R,122,Crime,Todd Phillips,"Todd Phillips, Scott Silver, Bob Kane","Joaquin Phoenix, Robert De Niro, Zazie Beetz",English,United States,Won 2 Oscars. 122 wins & 239 nominations total,59.0,8.4,1266234,tt7286456,335477657.0
74,Coco,2017,PG,105,Animation,"Lee Unkrich, Adrian Molina","Lee Unkrich, Jason Katz, Matthew Aldrich","Anthony Gonzalez, Gael García Bernal, Benjamin Bratt",English,United States,Won 2 Oscars. 110 wins & 40 nominations total,81.0,8.4,504838,tt2380307,210460015.0
75,Toy Story,1995,G,81,Animation,John Lasseter,"John Lasseter, Pete Docter, Andrew Stanton","Tom Hanks, Tim Allen, Don Rickles",English,United States,Nominated for 3 Oscars. 28 wins & 23 nominations total,95.0,8.3,990679,tt0114709,223225679.0
76,Braveheart,1995,R,178,Biography,Mel Gibson,Randall Wallace,"Mel Gibson, Sophie Marceau, Patrick McGoohan",English,United States,Won 5 Oscars. 33 wins & 34 nominations total,68.0,8.4,1035853,tt0112573,75609945.0
77,The Boat,1981,R,149,Drama,Wolfgang Petersen,"Wolfgang Petersen, Lothar G. Buchheim","Jürgen Prochnow, Herbert Grönemeyer, Klaus Wennemann",German,West Germany,Nominated for 6 Oscars. 13 wins & 11 nominations total,86.0,8.4,251399,tt0082096,11487676.0
78,Avengers: Endgame,2019,PG-13,181,Action,"Anthony Russo, Joe Russo","Christopher Markus, Stephen McFeely, Stan Lee","Robert Downey Jr., Chris Evans, Mark Ruffalo",English,United States,Nominated for 1 Oscar. 70 wins & 132 nominations total,78.0,8.4,1120634,tt4154796,858373000.0
79,Princess Mononoke,1997,PG-13,134,Animation,Hayao Miyazaki,"Hayao Miyazaki, Neil Gaiman","Yôji Matsuda, Yuriko Ishida, Yûko Tanaka",Japanese,Japan,15 wins & 7 nominations,76.0,8.4,393756,tt0119698,4845631.0
80,Once Upon a Time in America,1984,R,229,Crime,Sergio Leone,"Harry Grey, Leonardo Benvenuti, Piero De Bernardi","Robert De Niro, James Woods, Elizabeth McGovern",English,Italy,Won 2 BAFTA 12 wins & 12 nominations total,75.0,8.3,352179,tt0087843,5321508.0
81,Good Will Hunting,1997,R,126,Drama,Gus Van Sant,"Matt Damon, Ben Affleck","Robin Williams, Matt Damon, Ben Affleck",English,United States,Won 2 Oscars. 24 wins & 61 nominations total,70.0,8.3,963999,tt0119217,138433435.0
82,Your Name.,2016,TV-PG,106,Animation,Makoto Shinkai,"Makoto Shinkai, Clark Cheng","Ryûnosuke Kamiki, Mone Kamishiraishi, Ryô Narita",Japanese,Japan,16 wins & 26 nominations,79.0,8.4,266795,tt5311514,5017246.0
83,Top Gun: Maverick,2022,PG-13,130,Action,Joseph Kosinski,"Jim Cash, Jack Epps Jr., Peter Craig","Tom Cruise, Jennifer Connelly, Miles Teller",English,United States,4 wins & 16 nominations,78.0,8.4,435970,tt1745960,716498761.0
84,Requiem for a Dream,2000,Unrated,102,Drama,Darren Aronofsky,"Hubert Selby Jr., Darren Aronofsky","Ellen Burstyn, Jared Leto, Jennifer Connelly",English,United States,Nominated for 1 Oscar. 37 wins & 70 nominations total,68.0,8.3,840283,tt0180093,3635482.0
85,3 Idiots,2009,PG-13,170,Comedy,Rajkumar Hirani,"Rajkumar Hirani, Abhijat Joshi, Vidhu Vinod Chopra","Aamir Khan, Madhavan, Mona Singh",Hindi,India,63 wins & 28 nominations,67.0,8.4,400218,tt1187043,6532874.0
86,Singin' in the Rain,1952,G,103,Comedy,"Stanley Donen, Gene Kelly","Betty Comden, Adolph Green","Gene Kelly, Donald O'Connor, Debbie Reynolds",English,United States,Nominated for 2 Oscars. 7 wins & 9 nominations total,99.0,8.3,242677,tt0045152,1884537.0
87,Toy Story 3,2010,G,103,Animation,Lee Unkrich,"John Lasseter, Andrew Stanton, Lee Unkrich","Tom Hanks, Tim Allen, Joan Cusack",English,United States,Won 2 Oscars. 61 wins & 96 nominations total,92.0,8.3,834338,tt0435761,415004880.0
88,High and Low,1963,Not Rated,143,Crime,Akira Kurosawa,"Hideo Oguni, Ryûzô Kikushima, Eijirô Hisaita","Toshirô Mifune, Yutaka Sada, Tatsuya Nakadai",Japanese,Japan,3 wins & 3 nominations,90.0,8.4,45304,tt0057565,46808.0
89,Star Wars: Episode VI - Return of the Jedi,1983,PG,131,Action,Richard Marquand,"Lawrence Kasdan, George Lucas","Mark Hamill, Harrison Ford, Carrie Fisher",English,United States,Nominated for 4 Oscars. 23 wins & 20 nominations total,58.0,8.3,1050753,tt0086190,309306177.0
90,Capernaum,2018,R,126,Drama,Nadine Labaki,"Nadine Labaki, Jihad Hojeily, Michelle Keserwany","Zain Al Rafeea, Yordanos Shiferaw, Boluwatife Treasure Bankole",Arabic,Lebanon,Nominated for 1 Oscar. 38 wins & 55 nominations total,75.0,8.4,89644,tt8267604,1661096.0
91,2001: A Space Odyssey,1968,G,149,Adventure,Stanley Kubrick,"Stanley Kubrick, Arthur C. Clarke","Keir Dullea, Gary Lockwood, William Sylvester",English,United Kingdom,Won 1 Oscar. 17 wins & 12 nominations total,84.0,8.3,667754,tt0062622,60481243.0
92,Eternal Sunshine of the Spotless Mind,2004,R,108,Drama,Michel Gondry,"Charlie Kaufman, Michel Gondry, Pierre Bismuth","Jim Carrey, Kate Winslet, Tom Wilkinson",English,United States,Won 1 Oscar. 73 wins & 111 nominations total,89.0,8.3,1003816,tt0338013,34400301.0
93,Reservoir Dogs,1992,R,99,Crime,Quentin Tarantino,"Quentin Tarantino, Roger Avary","Harvey Keitel, Tim Roth, Michael Madsen",English,United States,12 wins & 23 nominations,79.0,8.3,1015052,tt0105236,2832029.0
94,The Hunt,2012,R,115,Drama,Thomas Vinterberg,"Thomas Vinterberg, Tobias Lindholm","Mads Mikkelsen, Thomas Bo Larsen, Annika Wedderkopp",Danish,Denmark,Nominated for 1 Oscar. 38 wins & 73 nominations total,77.0,8.3,330521,tt2106476,613308.0
95,Come and See,1985,Not Rated,142,Drama,Elem Klimov,"Ales Adamovich, Elem Klimov","Aleksey Kravchenko, Olga Mironova, Liubomiras Laucevicius",Russian,Soviet Union,3 wins,0.0,8.4,79971,tt0091251,71909.0
96,Citizen Kane,1941,PG,119,Drama,Orson Welles,"Herman J. Mankiewicz, Orson Welles, John Houseman","Orson Welles, Joseph Cotten, Dorothy Comingore",English,United States,Won 1 Oscar. 11 wins & 13 nominations total,100.0,8.3,442347,tt0033467,1627530.0
97,M,1931,Passed,99,Crime,Fritz Lang,"Thea von Harbou, Fritz Lang, Egon Jacobsohn","Peter Lorre, Ellen Widmann, Inge Landgut",German,Germany,2 wins,0.0,8.3,158713,tt0022100,35566.0
98,Lawrence of Arabia,1962,Approved,218,Adventure,David Lean,"Robert Bolt, Michael Wilson","Peter O'Toole, Alec Guinness, Anthony Quinn",English,United Kingdom,Won 7 Oscars. 31 wins & 15 nominations total,100.0,8.3,294015,tt0056172,45306425.0
99,North by Northwest,1959,Approved,136,Action,Alfred Hitchcock,Ernest Lehman,"Cary Grant, Eva Marie Saint, James Mason",English,United States,Nominated for 3 Oscars. 8 wins & 10 nominations total,98.0,8.3,328642,tt0053125,66728.0
100,Vertigo,1958,PG,128,Mystery,Alfred Hitchcock,"Alec Coppel, Samuel A. Taylor, Pierre Boileau","James Stewart, Kim Novak, Barbara Bel Geddes",English,United States,Nominated for 2 Oscars. 9 wins & 7 nominations total,100.0,8.3,402208,tt0052357,7705225.0
101,Amélie,2001,R,122,Comedy,Jean-Pierre Jeunet,"Guillaume Laurant, Jean-Pierre Jeunet","Audrey Tautou, Mathieu Kassovitz, Rufus",French,France,Nominated for 5 Oscars. 59 wins & 74 nominations total,69.0,8.3,756208,tt0211915,33225499.0
102,A Clockwork Orange,1971,X,136,Crime,Stanley Kubrick,"Stanley Kubrick, Anthony Burgess","Malcolm McDowell, Patrick Magee, Michael Bates",English,United Kingdom,Nominated for 4 Oscars. 12 wins & 24 nominations total,77.0,8.3,828547,tt0066921,26617553.0
103,The Apartment,1960,Approved,125,Comedy,Billy Wilder,"Billy Wilder, I.A.L. Diamond","Jack Lemmon, Shirley MacLaine, Fred MacMurray",English,United States,Won 5 Oscars. 24 wins & 8 nominations total,94.0,8.3,182198,tt0053604,18600000.0
104,Ikiru,1952,Not Rated,143,Drama,Akira Kurosawa,"Akira Kurosawa, Shinobu Hashimoto, Hideo Oguni","Takashi Shimura, Nobuo Kaneko, Shin'ichi Himori",Japanese,Japan,Nominated for 1 BAFTA Award6 wins & 2 nominations total,91.0,8.3,78896,tt0044741,60239.0
105,Double Indemnity,1944,Passed,107,Crime,Billy Wilder,"Billy Wilder, Raymond Chandler, James M. Cain","Fred MacMurray, Barbara Stanwyck, Edward G. Robinson",English,United States,Nominated for 7 Oscars. 2 wins & 9 nominations total,95.0,8.3,157839,tt0036775,
106,Full Metal Jacket,1987,R,116,Drama,Stanley Kubrick,"Stanley Kubrick, Michael Herr, Gustav Hasford","Matthew Modine, R. Lee Ermey, Vincent D'Onofrio",English,United Kingdom,Nominated for 1 Oscar. 8 wins & 15 nominations total,76.0,8.3,741966,tt0093058,46357676.0
107,Hamilton,2020,PG-13,160,Biography,Thomas Kail,"Lin-Manuel Miranda, Ron Chernow","Lin-Manuel Miranda, Phillipa Soo, Leslie Odom Jr.",English,United States,Won 2 Primetime Emmys. 19 wins & 46 nominations total,89.0,8.4,94546,tt8503618,
108,Scarface,1983,R,170,Crime,Brian De Palma,"Oliver Stone, Howard Hawks, Ben Hecht","Al Pacino, Michelle Pfeiffer, Steven Bauer",English,United States,8 nominations,65.0,8.3,837280,tt0086250,45408703.0
109,To Kill a Mockingbird,1962,Approved,129,Crime,Robert Mulligan,"Harper Lee, Horton Foote","Gregory Peck, John Megna, Frank Overton",English,United States,Won 3 Oscars. 14 wins & 16 nominations total,88.0,8.3,316917,tt0056592,592237.0
110,The Sting,1973,PG,129,Comedy,George Roy Hill,David S. Ward,"Paul Newman, Robert Redford, Robert Shaw",English,United States,Won 7 Oscars. 18 wins & 6 nominations total,83.0,8.3,262517,tt0070735,156000000.0
111,Incendies,2010,R,131,Drama,Denis Villeneuve,"Denis Villeneuve, Wajdi Mouawad, Valérie Beaugrand-Champagne","Lubna Azabal, Mélissa Désormeaux-Poulin, Maxim Gaudette",French,Canada,Nominated for 1 Oscar. 40 wins & 18 nominations total,80.0,8.3,178368,tt1255953,2071334.0
112,Up,2009,PG,96,Animation,"Pete Docter, Bob Peterson","Pete Docter, Bob Peterson, Tom McCarthy","Edward Asner, Jordan Nagai, John Ratzenberger",English,United States,Won 2 Oscars. 79 wins & 87 nominations total,88.0,8.3,1039653,tt1049413,293004164.0
113,Heat,1995,R,170,Action,Michael Mann,Michael Mann,"Al Pacino, Robert De Niro, Val Kilmer",English,United States,14 nominations,76.0,8.3,653717,tt0113277,67436818.0
114,Taxi Driver,1976,R,114,Crime,Martin Scorsese,Paul Schrader,"Robert De Niro, Jodie Foster, Cybill Shepherd",English,United States,Nominated for 4 Oscars. 22 wins & 20 nominations total,94.0,8.2,829151,tt0075314,28262574.0
115,A Separation,2011,PG-13,123,Drama,Asghar Farhadi,Asghar Farhadi,"Payman Maadi, Leila Hatami, Sareh Bayat",Persian,Iran,Won 1 Oscar. 89 wins & 50 nominations total,95.0,8.3,245510,tt1832382,7099055.0
116,Metropolis,1927,Not Rated,153,Drama,Fritz Lang,"Thea von Harbou, Fritz Lang","Brigitte Helm, Alfred Abel, Gustav Fröhlich",German,Germany,6 wins & 7 nominations,98.0,8.3,174823,tt0017136,1236166.0
117,L.A. Confidential,1997,R,138,Crime,Curtis Hanson,"James Ellroy, Brian Helgeland, Curtis Hanson","Kevin Spacey, Russell Crowe, Guy Pearce",English,United States,Won 2 Oscars. 92 wins & 86 nominations total,90.0,8.2,583425,tt0119488,64616940.0
118,Die Hard,1988,R,132,Action,John McTiernan,"Roderick Thorp, Jeb Stuart, Steven E. de Souza","Bruce Willis, Alan Rickman, Bonnie Bedelia",English,United States,Nominated for 4 Oscars. 8 wins & 6 nominations total,72.0,8.2,874631,tt0095016,83844093.0
119,Snatch,2000,R,102,Comedy,Guy Ritchie,Guy Ritchie,"Jason Statham, Brad Pitt, Stephen Graham",English,United Kingdom,4 wins & 7 nominations,55.0,8.2,854836,tt0208092,30328156.0
120,Bicycle Thieves,1948,Not Rated,89,Drama,Vittorio De Sica,"Cesare Zavattini, Luigi Bartolini, Oreste Biancoli","Lamberto Maggiorani, Enzo Staiola, Lianella Carell",Italian,Italy,Nominated for 1 Oscar. 20 wins & 3 nominations total,0.0,8.3,164211,tt0040522,371111.0
121,Indiana Jones and the Last Crusade,1989,PG-13,127,Action,Steven Spielberg,"Jeffrey Boam, George Lucas, Menno Meyjes","Harrison Ford, Sean Connery, Alison Doody",English,United States,Won 1 Oscar. 8 wins & 22 nominations total,65.0,8.2,753355,tt0097576,197171806.0
122,Like Stars on Earth,2007,PG,165,Drama,"Aamir Khan, Amole Gupte",Amole Gupte,"Darsheel Safary, Aamir Khan, Tisca Chopra",Hindi,India,28 wins & 21 nominations,0.0,8.3,193806,tt0986264,1223869.0
123,1917,2019,R,119,Action,Sam Mendes,"Sam Mendes, Krysty Wilson-Cairns","Dean-Charles Chapman, George MacKay, Daniel Mays",English,United Kingdom,Won 3 Oscars. 135 wins & 206 nominations total,78.0,8.2,585036,tt8579674,159227644.0
124,Downfall,2004,R,156,Biography,Oliver Hirschbiegel,"Bernd Eichinger, Joachim Fest, Traudl Junge","Bruno Ganz, Alexandra Maria Lara, Ulrich Matthes",German,Germany,Nominated for 1 Oscar. 22 wins & 34 nominations total,82.0,8.2,356436,tt0363163,5509040.0
125,For a Few Dollars More,1965,R,132,Western,Sergio Leone,"Sergio Leone, Fulvio Morsella, Luciano Vincenzoni","Clint Eastwood, Lee Van Cleef, Gian Maria Volontè",Italian,Italy,2 nominations,74.0,8.2,257059,tt0059578,15000000.0
126,Dangal,2016,Not Rated,161,Action,Nitesh Tiwari,"Piyush Gupta, Shreyas Jain, Nikhil Mehrotra","Aamir Khan, Sakshi Tanwar, Fatima Sana Shaikh",Hindi,India,29 wins & 27 nominations,0.0,8.3,191599,tt5074352,12391761.0
127,Batman Begins,2005,PG-13,140,Action,Christopher Nolan,"Bob Kane, David S. Goyer, Christopher Nolan","Christian Bale, Michael Caine, Ken Watanabe",English,United States,Nominated for 1 Oscar. 13 wins & 79 nominations total,70.0,8.2,1463747,tt0372784,206863479.0
128,The Kid,1921,Passed,68,Comedy,Charles Chaplin,Charles Chaplin,"Charles Chaplin, Edna Purviance, Jackie Coogan",English,United States,2 wins,0.0,8.3,127082,tt0012349,
129,Some Like It Hot,1959,Passed,121,Comedy,Billy Wilder,"Billy Wilder, I.A.L. Diamond, Robert Thoeren","Marilyn Monroe, Tony Curtis, Jack Lemmon",English,United States,Won 1 Oscar. 15 wins & 15 nominations total,98.0,8.2,267900,tt0053291,
130,The Father,2020,PG-13,97,Drama,Florian Zeller,"Christopher Hampton, Florian Zeller","Anthony Hopkins, Olivia Colman, Mark Gatiss",English,United Kingdom,Won 2 Oscars. 36 wins & 159 nominations total,88.0,8.2,152832,tt10272386,2122771.0
131,All About Eve,1950,Passed,138,Drama,Joseph L. Mankiewicz,"Joseph L. Mankiewicz, Mary Orr","Bette Davis, Anne Baxter, George Sanders",English,United States,Won 6 Oscars. 27 wins & 20 nominations total,98.0,8.2,132038,tt0042192,63463.0
132,Green Book,2018,PG-13,130,Biography,Peter Farrelly,"Nick Vallelonga, Brian Hayes Currie, Peter Farrelly","Viggo Mortensen, Mahershala Ali, Linda Cardellini",English,United States,Won 3 Oscars. 59 wins & 124 nominations total,69.0,8.2,489069,tt6966692,85080171.0
133,The Wolf of Wall Street,2013,R,180,Biography,Martin Scorsese,"Terence Winter, Jordan Belfort","Leonardo DiCaprio, Jonah Hill, Margot Robbie",English,United States,Nominated for 5 Oscars. 37 wins & 179 nominations total,75.0,8.2,1399180,tt0993846,116900694.0
134,Judgment at Nuremberg,1961,Approved,179,Drama,Stanley Kramer,"Abby Mann, Montgomery Clift","Spencer Tracy, Burt Lancaster, Richard Widmark",English,United States,Won 2 Oscars. 16 wins & 25 nominations total,60.0,8.3,78124,tt0055031,
135,Ran,1985,R,162,Action,Akira Kurosawa,"Akira Kurosawa, Hideo Oguni, Masato Ide","Tatsuya Nakadai, Akira Terao, Jinpachi Nezu",Japanese,Japan,Won 1 Oscar. 30 wins & 23 nominations total,96.0,8.2,126126,tt0089881,4135750.0
136,Casino,1995,R,178,Crime,Martin Scorsese,"Nicholas Pileggi, Martin Scorsese","Robert De Niro, Sharon Stone, Joe Pesci",English,United States,Nominated for 1 Oscar. 4 wins & 11 nominations total,73.0,8.2,519897,tt0112641,42512375.0
137,Pan's Labyrinth,2006,R,118,Drama,Guillermo del Toro,Guillermo del Toro,"Ivana Baquero, Ariadna Gil, Sergi López",Spanish,Mexico,Won 3 Oscars. 109 wins & 115 nominations total,98.0,8.2,668255,tt0457430,37646380.0
138,Unforgiven,1992,R,130,Drama,Clint Eastwood,David Webb Peoples,"Clint Eastwood, Gene Hackman, Morgan Freeman",English,United States,Won 4 Oscars. 50 wins & 47 nominations total,85.0,8.2,412107,tt0105695,101167799.0
139,There Will Be Blood,2007,R,158,Drama,Paul Thomas Anderson,"Paul Thomas Anderson, Upton Sinclair","Daniel Day-Lewis, Paul Dano, Ciarán Hinds",English,United States,Won 2 Oscars. 118 wins & 137 nominations total,93.0,8.2,586624,tt0469494,40222514.0
140,The Truman Show,1998,PG,103,Comedy,Peter Weir,Andrew Niccol,"Jim Carrey, Ed Harris, Laura Linney",English,United States,Nominated for 3 Oscars. 40 wins & 69 nominations total,90.0,8.2,1076176,tt0120382,125618201.0
141,The Sixth Sense,1999,PG-13,107,Drama,M. Night Shyamalan,M. Night Shyamalan,"Bruce Willis, Haley Joel Osment, Toni Collette",English,United States,Nominated for 6 Oscars. 37 wins & 56 nominations total,64.0,8.2,990475,tt0167404,293506292.0
142,A Beautiful Mind,2001,PG-13,135,Biography,Ron Howard,"Akiva Goldsman, Sylvia Nasar","Russell Crowe, Ed Harris, Jennifer Connelly",English,United States,Won 4 Oscars. 37 wins & 69 nominations total,72.0,8.2,931519,tt0268978,170742341.0
143,Shutter Island,2010,R,138,Mystery,Martin Scorsese,"Laeta Kalogridis, Dennis Lehane","Leonardo DiCaprio, Emily Mortimer, Mark Ruffalo",English,United States,11 wins & 66 nominations,63.0,8.2,1304246,tt1130884,128012934.0
144,Yojimbo,1961,Not Rated,110,Action,Akira Kurosawa,"Akira Kurosawa, Ryûzô Kikushima","Toshirô Mifune, Eijirô Tôno, Tatsuya Nakadai",Japanese,Japan,Nominated for 1 Oscar. 4 wins & 2 nominations total,93.0,8.2,123421,tt0055630,46808.0
145,Monty Python and the Holy Grail,1975,PG,91,Adventure,"Terry Gilliam, Terry Jones","Graham Chapman, John Cleese, Eric Idle","Graham Chapman, John Cleese, Eric Idle",English,United Kingdom,3 wins & 3 nominations,91.0,8.2,541779,tt0071853,1827696.0
146,The Treasure of the Sierra Madre,1948,Passed,126,Adventure,John Huston,"John Huston, B. Traven","Humphrey Bogart, Walter Huston, Tim Holt",English,United States,Won 3 Oscars. 16 wins & 8 nominations total,98.0,8.2,125472,tt0040897,5014000.0
147,Spider-Man: No Way Home,2021,PG-13,148,Action,Jon Watts,"Chris McKenna, Erik Sommers, Stan Lee","Tom Holland, Zendaya, Benedict Cumberbatch",English,United States,Nominated for 1 Oscar. 35 wins & 67 nominations total,71.0,8.3,746844,tt10872600,814115070.0
148,Jurassic Park,1993,PG-13,127,Action,Steven Spielberg,"Michael Crichton, David Koepp","Sam Neill, Laura Dern, Jeff Goldblum",English,United States,Won 3 Oscars. 44 wins & 27 nominations total,68.0,8.2,985724,tt0107290,404214720.0
149,The Great Escape,1963,Approved,172,Adventure,John Sturges,"Paul Brickhill, James Clavell, W.R. Burnett","Steve McQueen, James Garner, Richard Attenborough",English,United States,Nominated for 1 Oscar. 3 wins & 11 nominations total,86.0,8.2,244968,tt0057115,
150,Rashomon,1950,Not Rated,88,Crime,Akira Kurosawa,"Ryûnosuke Akutagawa, Akira Kurosawa, Shinobu Hashimoto","Toshirô Mifune, Machiko Kyô, Masayuki Mori",Japanese,Japan,Nominated for 1 Oscar. 9 wins & 5 nominations total,98.0,8.2,169393,tt0042876,46808.0
151,Kill Bill: Vol. 1,2003,R,111,Action,Quentin Tarantino,"Quentin Tarantino, Uma Thurman","Uma Thurman, David Carradine, Daryl Hannah",English,United States,Nominated for 5 BAFTA 29 wins & 104 nominations total,69.0,8.2,1110833,tt0266697,70099045.0
152,No Country for Old Men,2007,R,122,Crime,"Ethan Coen, Joel Coen","Joel Coen, Ethan Coen, Cormac McCarthy","Tommy Lee Jones, Javier Bardem, Josh Brolin",English,United States,Won 4 Oscars. 164 wins & 140 nominations total,92.0,8.2,969524,tt0477348,74283625.0
153,Finding Nemo,2003,G,100,Animation,"Andrew Stanton, Lee Unkrich","Andrew Stanton, Bob Peterson, David Reynolds","Albert Brooks, Ellen DeGeneres, Alexander Gould",English,United States,Won 1 Oscar. 48 wins & 63 nominations total,90.0,8.2,1041093,tt0266543,380843261.0
154,The Thing,1982,R,109,Horror,John Carpenter,"Bill Lancaster, John W. Campbell Jr.","Kurt Russell, Wilford Brimley, Keith David",English,United States,3 nominations,57.0,8.2,425959,tt0084787,19629760.0
155,The Elephant Man,1980,PG,124,Biography,David Lynch,"Christopher De Vore, Eric Bergren, David Lynch","Anthony Hopkins, John Hurt, Anne Bancroft",English,United States,Nominated for 8 Oscars. 11 wins & 22 nominations total,78.0,8.2,242086,tt0080678,26010864.0
156,Chinatown,1974,R,130,Drama,Roman Polanski,"Robert Towne, Roman Polanski","Jack Nicholson, Faye Dunaway, John Huston",English,United States,Won 1 Oscar. 22 wins & 25 nominations total,92.0,8.2,327246,tt0071315,29200000.0
157,Raging Bull,1980,R,129,Biography,Martin Scorsese,"Jake LaMotta, Joseph Carter, Peter Savage","Robert De Niro, Cathy Moriarty, Joe Pesci",English,United States,Won 2 Oscars. 24 wins & 28 nominations total,89.0,8.2,354225,tt0081398,23383987.0
158,V for Vendetta,2005,R,132,Action,James McTeigue,"Lilly Wachowski, Lana Wachowski, David Lloyd","Hugo Weaving, Natalie Portman, Rupert Graves",English,United States,7 wins & 29 nominations,62.0,8.2,1119205,tt0434409,70511035.0
159,Gone with the Wind,1939,Passed,238,Drama,"Victor Fleming, George Cukor, Sam Wood","Margaret Mitchell, Sidney Howard, Oliver H.P. Garrett","Clark Gable, Vivien Leigh, Thomas Mitchell",English,United States,Won 8 Oscars. 22 wins & 12 nominations total,97.0,8.2,316175,tt0031381,200882193.0
160,Inside Out,2015,PG,95,Animation,"Pete Docter, Ronnie Del Carmen","Pete Docter, Ronnie Del Carmen, Meg LeFauve","Amy Poehler, Bill Hader, Lewis Black",English,United States,Won 1 Oscar. 101 wins & 117 nominations total,94.0,8.2,711574,tt2096673,356921711.0
161,"Lock, Stock and Two Smoking Barrels",1998,R,107,Action,Guy Ritchie,Guy Ritchie,"Jason Flemyng, Dexter Fletcher, Nick Moran",English,United Kingdom,Won 1 BAFTA Award13 wins & 9 nominations total,66.0,8.2,582370,tt0120735,3753929.0
162,Dial M for Murder,1954,PG,105,Crime,Alfred Hitchcock,Frederick Knott,"Ray Milland, Grace Kelly, Robert Cummings",English,United States,Nominated for 1 BAFTA Award5 wins & 3 nominations total,75.0,8.2,176723,tt0046912,24845.0
163,The Secret in Their Eyes,2009,R,129,Drama,Juan José Campanella,"Eduardo Sacheri, Juan José Campanella","Ricardo Darín, Soledad Villamil, Pablo Rago",Spanish,Argentina,Won 1 Oscar. 53 wins & 43 nominations total,80.0,8.2,210379,tt1305806,6391436.0
164,Howl's Moving Castle,2004,PG,119,Animation,Hayao Miyazaki,"Hayao Miyazaki, Diana Wynne Jones","Chieko Baishô, Takuya Kimura, Tatsuya Gashûin",Japanese,Japan,Nominated for 1 Oscar. 14 wins & 20 nominations total,80.0,8.2,394925,tt0347149,6789268.0
165,The Bridge on the River Kwai,1957,PG,161,Adventure,David Lean,"Pierre Boulle, Carl Foreman, Michael Wilson","William Holden, Alec Guinness, Jack Hawkins",English,United Kingdom,Won 7 Oscars. 30 wins & 8 nominations total,87.0,8.2,221252,tt0050212,27200000.0
166,"Three Billboards Outside Ebbing, Missouri",2017,R,115,Comedy,Martin McDonagh,Martin McDonagh,"Frances McDormand, Woody Harrelson, Sam Rockwell",English,United Kingdom,Won 2 Oscars. 133 wins & 235 nominations total,88.0,8.1,506386,tt5027774,54513740.0
167,Trainspotting,1996,R,93,Drama,Danny Boyle,"Irvine Welsh, John Hodge","Ewan McGregor, Ewen Bremner, Jonny Lee Miller",English,United Kingdom,Nominated for 1 Oscar. 23 wins & 35 nominations total,83.0,8.1,686989,tt0117951,16491080.0
168,Warrior,2011,PG-13,140,Action,Gavin O'Connor,"Gavin O'Connor, Anthony Tambakis, Cliff Dorfman","Tom Hardy, Nick Nolte, Joel Edgerton",English,United States,Nominated for 1 Oscar. 5 wins & 22 nominations total,71.0,8.2,473027,tt1291584,13657115.0
169,Fargo,1996,R,98,Crime,"Joel Coen, Ethan Coen","Ethan Coen, Joel Coen","William H. Macy, Frances McDormand, Steve Buscemi",English,United States,Won 2 Oscars. 83 wins & 58 nominations total,85.0,8.1,677602,tt0116282,24611975.0
170,Prisoners,2013,R,153,Crime,Denis Villeneuve,Aaron Guzikowski,"Hugh Jackman, Jake Gyllenhaal, Viola Davis",English,United States,Nominated for 1 Oscar. 10 wins & 38 nominations total,70.0,8.1,708748,tt1392214,61002302.0
171,Gran Torino,2008,R,116,Drama,Clint Eastwood,"Nick Schenk, Dave Johannson","Clint Eastwood, Bee Vang, Christopher Carley",English,Germany,21 wins & 22 nominations,72.0,8.1,775509,tt1205489,148095302.0
172,My Neighbor Totoro,1988,G,86,Animation,Hayao Miyazaki,Hayao Miyazaki,"Hitoshi Takagi, Noriko Hidaka, Chika Sakamoto",Japanese,Japan,5 wins & 2 nominations,86.0,8.1,339292,tt0096283,2250213.0
173,Catch Me If You Can,2002,PG-13,141,Biography,Steven Spielberg,"Jeff Nathanson, Frank Abagnale Jr., Stan Redding","Leonardo DiCaprio, Tom Hanks, Christopher Walken",English,United States,Nominated for 2 Oscars. 16 wins & 46 nominations total,75.0,8.1,978719,tt0264464,164615351.0
174,Million Dollar Baby,2004,PG-13,132,Drama,Clint Eastwood,"Paul Haggis, F.X. Toole","Hilary Swank, Clint Eastwood, Morgan Freeman",English,United States,Won 4 Oscars. 67 wins & 86 nominations total,86.0,8.1,686797,tt0405159,100492203.0
175,Children of Heaven,1997,PG,89,Drama,Majid Majidi,Majid Majidi,"Mohammad Amir Naji, Amir Farrokh Hashemian, Bahare Seddiqi",Persian,Iran,Nominated for 1 Oscar. 13 wins & 5 nominations total,77.0,8.2,75263,tt0118849,933933.0
176,Blade Runner,1982,R,117,Action,Ridley Scott,"Hampton Fancher, David Webb Peoples, Philip K. Dick","Harrison Ford, Rutger Hauer, Sean Young",English,United States,Nominated for 2 Oscars. 13 wins & 19 nominations total,84.0,8.1,768236,tt0083658,32914489.0
177,The Gold Rush,1925,Passed,95,Adventure,Charles Chaplin,Charles Chaplin,"Charles Chaplin, Mack Swain, Tom Murray",English,United States,Nominated for 2 Oscars. 3 wins & 3 nominations total,0.0,8.2,111957,tt0015864,
178,On the Waterfront,1954,Approved,108,Crime,Elia Kazan,"Budd Schulberg, Malcolm Johnson, Robert Siodmak","Marlon Brando, Karl Malden, Lee J. Cobb",English,United States,Won 8 Oscars. 30 wins & 9 nominations total,91.0,8.1,155976,tt0047296,
179,Before Sunrise,1995,R,101,Drama,Richard Linklater,"Richard Linklater, Kim Krizan","Ethan Hawke, Julie Delpy, Andrea Eckert",English,United States,1 win & 7 nominations,77.0,8.1,308619,tt0112471,5535405.0
180,12 Years a Slave,2013,R,134,Biography,Steve McQueen,"John Ridley, Solomon Northup","Chiwetel Ejiofor, Michael Kenneth Williams, Michael Fassbender",English,United States,Won 3 Oscars. 242 wins & 337 nominations total,96.0,8.1,700326,tt2024544,56671993.0
181,Harry Potter and the Deathly Hallows: Part 2,2011,PG-13,130,Adventure,David Yates,"Steve Kloves, J.K. Rowling","Daniel Radcliffe, Emma Watson, Rupert Grint",English,United Kingdom,Nominated for 3 Oscars. 46 wins & 94 nominations total,85.0,8.1,872242,tt1201607,381447587.0
182,Ben-Hur,1959,G,212,Adventure,William Wyler,"Lew Wallace, Karl Tunberg, Gore Vidal","Charlton Heston, Jack Hawkins, Stephen Boyd",English,United States,Won 11 Oscars. 29 wins & 16 nominations total,90.0,8.1,239995,tt0052618,74432704.0
183,Wild Strawberries,1957,Not Rated,91,Drama,Ingmar Bergman,Ingmar Bergman,"Victor Sjöström, Bibi Andersson, Ingrid Thulin",Swedish,Sweden,Nominated for 1 Oscar. 18 wins & 4 nominations total,88.0,8.1,108067,tt0050986,
184,Gone Girl,2014,R,149,Drama,David Fincher,Gillian Flynn,"Ben Affleck, Rosamund Pike, Neil Patrick Harris",English,United States,Nominated for 1 Oscar. 64 wins & 188 nominations total,79.0,8.1,979382,tt2267998,167767189.0
185,The Third Man,1949,Approved,93,Film-Noir,Carol Reed,"Graham Greene, Orson Welles, Alexander Korda","Orson Welles, Joseph Cotten, Alida Valli",English,United Kingdom,Won 1 Oscar. 5 wins & 4 nominations total,97.0,8.1,172424,tt0041959,1067364.0
186,The General,1926,Passed,67,Action,"Clyde Bruckman, Buster Keaton","Buster Keaton, Clyde Bruckman, Al Boasberg","Buster Keaton, Marion Mack, Glen Cavender",None,United States,2 wins & 1 nomination,0.0,8.2,92056,tt0017925,
187,The Grand Budapest Hotel,2014,R,99,Adventure,Wes Anderson,"Stefan Zweig, Wes Anderson, Hugo Guinness","Ralph Fiennes, F. Murray Abraham, Mathieu Amalric",English,United States,Won 4 Oscars. 136 wins & 227 nominations total,88.0,8.1,807383,tt2278388,59301324.0
188,The Deer Hunter,1978,R,183,Drama,Michael Cimino,"Michael Cimino, Deric Washburn, Louis Garfinkle","Robert De Niro, Christopher Walken, John Cazale",English,United States,Won 5 Oscars. 24 wins & 27 nominations total,86.0,8.1,339682,tt0077416,48979328.0
189,In the Name of the Father,1993,R,133,Biography,Jim Sheridan,"Gerry Conlon, Terry George, Jim Sheridan","Daniel Day-Lewis, Pete Postlethwaite, Alison Crosbie",English,Ireland,Nominated for 7 Oscars. 7 wins & 41 nominations total,84.0,8.1,175661,tt0107207,25096862.0
190,Klaus,2019,PG,96,Animation,"Sergio Pablos, Carlos Martínez López","Sergio Pablos, Jim Mahoney, Zach Lewis","Jason Schwartzman, J.K. Simmons, Rashida Jones",English,Spain,Nominated for 1 Oscar. 11 wins & 26 nominations total,65.0,8.1,148992,tt4729430,
191,Barry Lyndon,1975,PG,185,Adventure,Stanley Kubrick,"Stanley Kubrick, William Makepeace Thackeray","Ryan O'Neal, Marisa Berenson, Patrick Magee",English,United Kingdom,Won 4 Oscars. 19 wins & 15 nominations total,89.0,8.1,168759,tt0072684,
192,The Wages of Fear,1953,Not Rated,131,Adventure,Henri-Georges Clouzot,"Georges Arnaud, Henri-Georges Clouzot, Jérôme Géronimi","Yves Montand, Charles Vanel, Peter van Eyck",French,France,Won 1 BAFTA Award6 wins total,85.0,8.2,61682,tt0046268,
193,Hacksaw Ridge,2016,R,139,Biography,Mel Gibson,"Robert Schenkkan, Andrew Knight","Andrew Garfield, Sam Worthington, Luke Bracey",English,Australia,Won 2 Oscars. 56 wins & 115 nominations total,71.0,8.1,524798,tt2119532,67209615.0
194,Sherlock Jr.,1924,Passed,45,Action,Buster Keaton,"Jean C. Havez, Joseph A. Mitchell, Clyde Bruckman","Buster Keaton, Kathryn McGuire, Joe Keaton",English,United States,2 wins,0.0,8.2,50625,tt0015324,977375.0
195,Mr. Smith Goes to Washington,1939,Passed,129,Comedy,Frank Capra,"Sidney Buchman, Lewis R. Foster, Myles Connolly","James Stewart, Jean Arthur, Claude Rains",English,United States,Won 1 Oscar. 6 wins & 16 nominations total,73.0,8.1,116277,tt0031679,144738.0
196,Memories of Murder,2003,Not Rated,132,Crime,Bong Joon Ho,"Bong Joon Ho, Kwang-rim Kim, Sung-bo Shim","Song Kang-ho, Kim Sang-kyung, Roe-ha Kim",Korean,South Korea,33 wins & 5 nominations,82.0,8.1,184626,tt0353969,15357.0
197,Wild Tales,2014,R,122,Comedy,Damián Szifron,"Germán Servidio, Damián Szifron","Darío Grandinetti, María Marull, Mónica Villa",Spanish,Argentina,Nominated for 1 Oscar. 49 wins & 58 nominations total,77.0,8.1,199023,tt3011894,3106530.0
198,The Seventh Seal,1957,Not Rated,96,Drama,Ingmar Bergman,Ingmar Bergman,"Max von Sydow, Gunnar Björnstrand, Bengt Ekerot",Swedish,Sweden,10 wins & 2 nominations,88.0,8.1,185923,tt0050976,
199,Mad Max: Fury Road,2015,R,120,Action,George Miller,"George Miller, Brendan McCarthy, Nick Lathouris","Tom Hardy, Charlize Theron, Nicholas Hoult",English,Australia,Won 6 Oscars. 247 wins & 234 nominations total,90.0,8.1,998882,tt1392190,154109060.0
200,Room,2015,R,118,Drama,Lenny Abrahamson,Emma Donoghue,"Brie Larson, Jacob Tremblay, Sean Bridgers",English,Ireland,Won 1 Oscar. 108 wins & 141 nominations total,86.0,8.1,420305,tt3170832,14677654.0
201,Mary and Max,2009,Not Rated,92,Animation,Adam Elliot,Adam Elliot,"Toni Collette, Philip Seymour Hoffman, Eric Bana",English,Australia,5 wins & 9 nominations,0.0,8.1,177931,tt0978762,
202,How to Train Your Dragon,2010,PG,98,Animation,"Dean DeBlois, Chris Sanders","Will Davies, Dean DeBlois, Chris Sanders","Jay Baruchel, Gerard Butler, Christopher Mintz-Plasse",English,United States,Nominated for 2 Oscars. 25 wins & 63 nominations total,75.0,8.1,739031,tt0892769,217581231.0
203,"Monsters, Inc.",2001,G,92,Animation,"Pete Docter, David Silverman, Lee Unkrich","Pete Docter, Jill Culton, Jeff Pidgeon","Billy Crystal, John Goodman, Mary Gibbs",English,United States,Won 1 Oscar. 15 wins & 38 nominations total,79.0,8.1,905840,tt0198781,290642256.0
204,The Big Lebowski,1998,R,117,Comedy,"Joel Coen, Ethan Coen","Ethan Coen, Joel Coen","Jeff Bridges, John Goodman, Julianne Moore",English,United States,5 wins & 18 nominations,71.0,8.1,806616,tt0118715,18254458.0
205,Jaws,1975,PG,124,Adventure,Steven Spielberg,"Peter Benchley, Carl Gottlieb","Roy Scheider, Robert Shaw, Richard Dreyfuss",English,United States,Won 3 Oscars. 15 wins & 20 nominations total,87.0,8.1,605858,tt0073195,265859065.0
206,Dead Poets Society,1989,PG,128,Comedy,Peter Weir,Tom Schulman,"Robin Williams, Robert Sean Leonard, Ethan Hawke",English,United States,Won 1 Oscar. 20 wins & 19 nominations total,79.0,8.1,490379,tt0097165,95860116.0
207,The Passion of Joan of Arc,1928,Passed,114,Biography,Carl Theodor Dreyer,"Joseph Delteil, Carl Theodor Dreyer","Maria Falconetti, Eugene Silvain, André Berley",None,France,5 wins & 2 nominations,0.0,8.2,55266,tt0019254,21877.0
208,Tokyo Story,1953,Not Rated,136,Drama,Yasujirô Ozu,"Kôgo Noda, Yasujirô Ozu","Chishû Ryû, Chieko Higashiyama, Sô Yamamura",Japanese,Japan,3 wins,0.0,8.2,62237,tt0046438,
209,Hotel Rwanda,2004,PG-13,121,Biography,Terry George,"Keir Pearson, Terry George","Don Cheadle, Sophie Okonedo, Joaquin Phoenix",English,United Kingdom,Nominated for 3 Oscars. 16 wins & 49 nominations total,79.0,8.1,356065,tt0395169,23530892.0
210,Ford v Ferrari,2019,PG-13,152,Action,James Mangold,"Jez Butterworth, John-Henry Butterworth, Jason Keller","Matt Damon, Christian Bale, Jon Bernthal",English,United States,Won 2 Oscars. 25 wins & 91 nominations total,81.0,8.1,391707,tt1950186,117624357.0
211,Rocky,1976,PG,120,Drama,John G. Avildsen,Sylvester Stallone,"Sylvester Stallone, Talia Shire, Burt Young",English,United States,Won 3 Oscars. 20 wins & 22 nominations total,70.0,8.1,574648,tt0075148,117235147.0
212,Platoon,1986,R,120,Drama,Oliver Stone,Oliver Stone,"Charlie Sheen, Tom Berenger, Willem Dafoe",English,United States,Won 4 Oscars. 24 wins & 15 nominations total,92.0,8.1,414938,tt0091763,138530565.0
213,Spotlight,2015,R,129,Biography,Tom McCarthy,"Josh Singer, Tom McCarthy","Mark Ruffalo, Michael Keaton, Rachel McAdams",English,United States,Won 2 Oscars. 124 wins & 144 nominations total,93.0,8.1,469449,tt1895587,45055776.0
214,The Terminator,1984,R,107,Action,James Cameron,"James Cameron, Gale Anne Hurd, William Wisher","Arnold Schwarzenegger, Linda Hamilton, Michael Biehn",English,United Kingdom,8 wins & 6 nominations,84.0,8.1,863512,tt0088247,38371200.0
215,Stand by Me,1986,R,89,Adventure,Rob Reiner,"Stephen King, Raynold Gideon, Bruce A. Evans","Wil Wheaton, River Phoenix, Corey Feldman",English,United States,Nominated for 1 Oscar. 6 wins & 11 nominations total,75.0,8.1,404216,tt0092005,52287414.0
216,Ratatouille,2007,G,111,Animation,"Brad Bird, Jan Pinkava","Brad Bird, Jan Pinkava, Jim Capobianco","Brad Garrett, Lou Romano, Patton Oswalt",English,United States,Won 1 Oscar. 67 wins & 42 nominations total,96.0,8.1,734201,tt0382932,206445654.0
217,Logan,2017,R,137,Action,James Mangold,"James Mangold, Scott Frank, Michael Green","Hugh Jackman, Patrick Stewart, Dafne Keen",English,United States,Nominated for 1 Oscar. 28 wins & 80 nominations total,77.0,8.1,760866,tt3315342,226277068.0
218,Rush,2013,R,123,Action,Ron Howard,Peter Morgan,"Daniel Brühl, Chris Hemsworth, Olivia Wilde",English,United Kingdom,Won 1 BAFTA Award6 wins & 65 nominations total,74.0,8.1,480120,tt1979320,26947624.0
219,Pather Panchali,1955,Not Rated,125,Drama,Satyajit Ray,"Bibhutibhushan Bandyopadhyay, Satyajit Ray","Kanu Bannerjee, Karuna Bannerjee, Subir Banerjee",Bengali,India,Nominated for 1 BAFTA Award11 wins & 2 nominations total,0.0,8.3,33358,tt0048473,134241.0
220,Network,1976,R,121,Drama,Sidney Lumet,Paddy Chayefsky,"Faye Dunaway, William Holden, Peter Finch",English,United States,Won 4 Oscars. 20 wins & 26 nominations total,83.0,8.1,160448,tt0074958,23689877.0
221,Into the Wild,2007,R,148,Adventure,Sean Penn,"Sean Penn, Jon Krakauer","Emile Hirsch, Vince Vaughn, Catherine Keener",English,United States,Nominated for 2 Oscars. 23 wins & 106 nominations total,73.0,8.1,622810,tt0758758,18354356.0
222,The Wizard of Oz,1939,G,102,Adventure,"Victor Fleming, George Cukor, Mervyn LeRoy","Noel Langley, Florence Ryerson, Edgar Allan Woolf","Judy Garland, Frank Morgan, Ray Bolger",English,United States,Won 2 Oscars. 14 wins & 16 nominations total,92.0,8.1,399653,tt0032138,24668669.0
223,Before Sunset,2004,R,80,Drama,Richard Linklater,"Richard Linklater, Julie Delpy, Ethan Hawke","Ethan Hawke, Julie Delpy, Vernon Dobtcheff",English,United States,Nominated for 1 Oscar. 9 wins & 32 nominations total,90.0,8.1,264562,tt0381681,5820649.0
224,Groundhog Day,1993,PG,101,Comedy,Harold Ramis,"Danny Rubin, Harold Ramis","Bill Murray, Andie MacDowell, Chris Elliott",English,United States,Won 1 BAFTA Award7 wins & 17 nominations total,72.0,8.1,630923,tt0107048,71107962.0
225,The Best Years of Our Lives,1946,Approved,170,Drama,William Wyler,"Robert E. Sherwood, MacKinlay Kantor","Myrna Loy, Dana Andrews, Fredric March",English,United States,Won 7 Oscars. 21 wins & 4 nominations total,93.0,8.1,65190,tt0036868,23650000.0
226,The Exorcist,1973,R,122,Horror,William Friedkin,William Peter Blatty,"Ellen Burstyn, Max von Sydow, Linda Blair",English,United States,Won 2 Oscars. 16 wins & 17 nominations total,81.0,8.1,408063,tt0070047,233005644.0
227,To Be or Not to Be,1942,Passed,99,Comedy,Ernst Lubitsch,"Melchior Lengyel, Edwin Justus Mayer, Ernst Lubitsch","Carole Lombard, Jack Benny, Robert Stack",English,United States,Nominated for 1 Oscar. 2 wins & 2 nominations total,86.0,8.2,37935,tt0035446,3270000.0
228,The Incredibles,2004,PG,115,Animation,Brad Bird,Brad Bird,"Craig T. Nelson, Samuel L. Jackson, Holly Hunter",English,United States,Won 2 Oscars. 68 wins & 56 nominations total,90.0,8.0,735955,tt0317705,261441092.0
229,The Battle of Algiers,1966,Not Rated,121,Drama,Gillo Pontecorvo,"Franco Solinas, Gillo Pontecorvo","Brahim Hadjadj, Jean Martin, Yacef Saadi",Arabic,Italy,Nominated for 3 Oscars. 9 wins & 9 nominations total,96.0,8.1,60759,tt0058946,879794.0
230,Jai Bhim,2021,TV-MA,164,Crime,T.J. Gnanavel,"T.J. Gnanavel, Rajendra Sapre","Suriya, Lijo Mol Jose, Manikandan K.",Tamil,India,6 wins & 16 nominations,0.0,8.9,201710,tt15097216,
231,Hachi: A Dog's Tale,2009,G,93,Biography,Lasse Hallström,"Stephen P. Lindsey, Kaneto Shindô","Richard Gere, Joan Allen, Cary-Hiroyuki Tagawa",English,United Kingdom,1 nomination,0.0,8.1,285203,tt1028532,
232,La haine,1995,Not Rated,98,Crime,Mathieu Kassovitz,Mathieu Kassovitz,"Vincent Cassel, Hubert Koundé, Saïd Taghmaoui",French,France,8 wins & 15 nominations,0.0,8.1,174475,tt0113247,280859.0
233,My Father and My Son,2005,Not Rated,112,Drama,Çagan Irmak,Çagan Irmak,"Çetin Tekindor, Fikret Kuskan, Hümeyra",Turkish,Turkey,14 wins & 7 nominations,0.0,8.2,87097,tt0476735,
234,Pirates of the Caribbean: The Curse of the Black Pearl,2003,PG-13,143,Action,Gore Verbinski,"Ted Elliott, Terry Rossio, Stuart Beattie","Johnny Depp, Geoffrey Rush, Orlando Bloom",English,United States,Nominated for 5 Oscars. 38 wins & 104 nominations total,63.0,8.1,1125052,tt0325980,305413918.0
235,The Grapes of Wrath,1940,Passed,129,Drama,John Ford,"Nunnally Johnson, John Steinbeck","Henry Fonda, Jane Darwell, John Carradine",English,United States,Won 2 Oscars. 10 wins & 5 nominations total,96.0,8.1,93916,tt0032551,
236,Amores perros,2000,R,154,Drama,Alejandro G. Iñárritu,Guillermo Arriaga,"Emilio Echevarría, Gael García Bernal, Goya Toledo",Spanish,Mexico,Nominated for 1 Oscar. 55 wins & 25 nominations total,83.0,8.1,241047,tt0245712,5408467.0
237,Rebecca,1940,Approved,130,Drama,Alfred Hitchcock,"Daphne Du Maurier, Robert E. Sherwood, Joan Harrison","Laurence Olivier, Joan Fontaine, George Sanders",English,United States,Won 2 Oscars. 7 wins & 10 nominations total,86.0,8.1,137813,tt0032976,
238,Cool Hand Luke,1967,GP,127,Crime,Stuart Rosenberg,"Donn Pearce, Frank Pierson, Hal Dresner","Paul Newman, George Kennedy, Strother Martin",English,United States,Won 1 Oscar. 4 wins & 10 nominations total,92.0,8.1,178175,tt0061512,
239,The 400 Blows,1959,Not Rated,99,Crime,François Truffaut,"François Truffaut, Marcel Moussy","Jean-Pierre Léaud, Albert Rémy, Claire Maurier",French,France,Nominated for 1 Oscar. 10 wins & 7 nominations total,0.0,8.1,118701,tt0053198,509.0
240,The Handmaiden,2016,Not Rated,145,Drama,Park Chan-wook,"Sarah Waters, Jeong Seo-kyeong, Park Chan-wook","Kim Min-hee, Ha Jung-woo, Cho Jin-woong",Korean,South Korea,Won 1 BAFTA Award70 wins & 108 nominations total,84.0,8.1,147807,tt4016934,2006788.0
241,Persona,1966,Not Rated,83,Drama,Ingmar Bergman,Ingmar Bergman,"Bibi Andersson, Liv Ullmann, Margaretha Krook",Swedish,Sweden,Nominated for 1 BAFTA Award11 wins & 5 nominations total,86.0,8.1,119561,tt0060827,
242,The Sound of Music,1965,G,172,Biography,Robert Wise,"Georg Hurdalek, Howard Lindsay, Russel Crouse","Julie Andrews, Christopher Plummer, Eleanor Parker",English,United States,Won 5 Oscars. 17 wins & 13 nominations total,63.0,8.1,234681,tt0059742,159287539.0
243,It Happened One Night,1934,Passed,105,Comedy,Frank Capra,"Robert Riskin, Samuel Hopkins Adams","Clark Gable, Claudette Colbert, Walter Connolly",English,United States,Won 5 Oscars. 11 wins & 2 nominations total,87.0,8.1,104663,tt0025316,
244,Life of Brian,1979,R,94,Comedy,Terry Jones,"Graham Chapman, John Cleese, Terry Gilliam","Graham Chapman, John Cleese, Michael Palin",English,United Kingdom,0,77.0,8.0,400571,tt0079470,20206622.0
245,Dersu Uzala,1975,G,142,Adventure,Akira Kurosawa,"Akira Kurosawa, Yuriy Nagibin, Vladimir Arsenev","Maksim Munzuk, Yuriy Solomin, Mikhail Bychkov",Russian,Soviet Union,Won 1 Oscar. 8 wins & 2 nominations total,0.0,8.2,30160,tt0071411,
246,Everything Everywhere All at Once,2022,R,139,Action,"Dan Kwan, Daniel Scheinert","Dan Kwan, Daniel Scheinert","Michelle Yeoh, Stephanie Hsu, Jamie Lee Curtis",English,United States,54 wins & 121 nominations,81.0,8.1,251736,tt6710474,70008593.0
247,The Iron Giant,1999,PG,86,Animation,Brad Bird,"Tim McCanlies, Brad Bird, Ted Hughes","Eli Marienthal, Harry Connick Jr., Jennifer Aniston",English,United States,Won 1 BAFTA Award20 wins & 18 nominations total,85.0,8.1,198212,tt0129167,23315035.0
248,The Help,2011,PG-13,146,Drama,Tate Taylor,"Tate Taylor, Kathryn Stockett","Viola Davis, Emma Stone, Octavia Spencer",English,United States,Won 1 Oscar. 79 wins & 121 nominations total,62.0,8.1,459753,tt1454029,169708112.0
249,Aladdin,1992,G,90,Animation,"Ron Clements, John Musker","Ron Clements, John Musker, Ted Elliott","Scott Weinger, Robin Williams, Linda Larkin",English,United States,Won 2 Oscars. 34 wins & 22 nominations total,86.0,8.0,420013,tt0103639,217350219.0
250,Gandhi,1982,PG,191,Biography,Richard Attenborough,John Briley,"Ben Kingsley, John Gielgud, Rohini Hattangadi",English,United Kingdom,Won 8 Oscars. 35 wins & 21 nominations total,79.0,8.1,232139,tt0083987,52767889.0
